{
  "format_version": 1,
  "name": "ab-seed-noisy",
  "created_at": "unix:1784754511",
  "search_defaults": {
    "depth": 2,
    "max_time_ms": null,
    "quiescence_depth": 2
  },
  "weights": {
    "piece": {
      "CeramicDove": 17.483202,
      "FuriousFiend": 24.522533,
      "MountainHawk": 26.900925,
      "LeftHowlingDog": 3.2187696,
      "OldMonkey": 2.35385,
      "Bishop": 16.39973,
      "RunningDragon": 30.867,
      "FlyingCat": 5.061783,
      "LittleStandard": 15.750666,
      "FreeKing": 37.501858,
      "FlyingHorse": 3.3984149,
      "RushingBird": 2.604673,
      "PoisonousWolf": 4.173556,
      "MountainCrane": 33.644123,
      "BeastOfficer": 8.472667,
      "RunningHorse": 12.808625,
      "HorseSoldier": 10.401463,
      "SpiritTurtle": 33.554413,
      "StoneGeneral": 0.8743464,
      "SilverRabbit": 8.893108,
      "JiBird": 12.99342,
      "RunningTiger": 8.085475,
      "OldKite": 3.872894,
      "TreacherousFox": 26.860027,
      "CrowMover": 1.2312241,
      "WindDragon": 21.929222,
      "RightTiger": 9.796856,
      "FreeHorse": 18.027151,
      "Phoenix": 7.411164,
      "PloddingOx": 8.069549,
      "TurtleSnake": 7.148459,
      "FierceDragon": 885.08856,
      "TreasureTurtle": 27.575684,
      "RoaringDog": 17.807453,
      "WhiteFoal": 19.112198,
      "HorizontalMover": 7.8759522,
      "FlyingGoose": 1.7364302,
      "MountTai": 15.950936,
      "FreeFire": 19.806786,
      "FreeTiger": 27.348497,
      "CannonChariot": 14.868178,
      "GreatStag": 17.680422,
      "CrownPrince": 1654.661,
      "SideSerpent": 6.7126956,
      "RunningSerpent": 9.351933,
      "DivineTurtle": 9.636448,
      "Shitennou": 90.094986,
      "FreeLeopard": 24.544,
      "MovingBoar": 4.1050754,
      "GoBetween": 0.90551025,
      "FlyingDragon": 7.8068933,
      "WizardStork": 16.147917,
      "CatSword": 2.2969835,
      "VerticalBear": 4.786792,
      "SheepSoldier": 7.8461013,
      "SpearGeneral": 3.3317893,
      "WalkingHeron": 9.01558,
      "LionHawk": 22.311773,
      "SilverChariot": 7.7719536,
      "GreatStandard": 21.748905,
      "Horseman": 13.40691,
      "LeftDragon": 11.900745,
      "PrimordialDragon": 103.56691,
      "KirinMaster": 22.57352,
      "WoodenDove": 45.53134,
      "RunningPup": 7.153303,
      "PlayfulParrot": 8.208651,
      "FierceBear": 2.2893,
      "GoldBird": 10.970945,
      "DragonKing": 14.02297,
      "FowlCadet": 12.598122,
      "FreeChicken": 16.713585,
      "ReverseChariot": 8.054075,
      "OwlMover": 1.2729295,
      "WhiteTiger": 13.795774,
      "GreatFoal": 18.406885,
      "NeighboringKing": 3.9423254,
      "BlueDragon": 11.190703,
      "FreeEagle": 43.714653,
      "MountainWitch": 21.526443,
      "MixedGeneral": 16.56283,
      "WoodlandDemon": 12.806207,
      "RightArmy": 12.099163,
      "Yasha": 3.4023046,
      "GoldGeneral": 2.4509847,
      "RightIronChariot": 9.956733,
      "RightDog": 3.8936102,
      "FlyingGeneral": 688.7105,
      "Daiba": 2.9371195,
      "FierceLeopard": 3.2454772,
      "LeftDog": 3.9718041,
      "FireDragon": 13.378109,
      "FreeBoar": 19.553368,
      "DancingStag": 1.9360867,
      "EasternBarbarian": 1.7960805,
      "CoiledSerpent": 2.262428,
      "WindGeneral": 1.7056458,
      "HornedHawk": 33.67852,
      "LionDog": 38.239697,
      "LeftIronChariot": 10.265023,
      "RightGeneral": 3.9603276,
      "GreatTurtle": 28.55623,
      "DrunkenElephant": 112.70604,
      "GreatBear": 11.787728,
      "VerticalWolf": 4.10601,
      "SpearSoldier": 4.1705284,
      "LeftTiger": 14.186016,
      "BlindBear": 2.5827537,
      "FreePig": 12.99792,
      "MountainGeneral": 2.5344684,
      "RainDragon": 14.847429,
      "Tengu": 1226.3109,
      "DivineTiger": 13.927164,
      "FreeBaku": 25.241873,
      "Kongou": 6.0715613,
      "FreeBear": 20.621162,
      "FierceWolf": 2.7463644,
      "BearsEyes": 3.5123687,
      "CannonGeneral": 12.613094,
      "BoarSoldier": 10.416677,
      "RunningWolf": 17.376125,
      "StrongBear": 22.199001,
      "PupGeneral": 2.2863877,
      "FierceWind": 28.78455,
      "FierceTiger": 4.599114,
      "FlyingOx": 23.33811,
      "GoldStag": 8.310109,
      "FireGeneral": 3.575014,
      "WaterOx": 26.595182,
      "RightMountainEagle": 29.184744,
      "DivineSparrow": 9.643757,
      "RunningRabbit": 12.696381,
      "GreatEagle": 110.73133,
      "Knight": 3.7912405,
      "LittleTurtle": 19.770647,
      "SideBoar": 7.1653233,
      "SideWolf": 7.431432,
      "Kirin": 3.6968095,
      "BeastCadet": 7.2621956,
      "SideSoldier": 6.8145733,
      "HuaiRiver": 19.86742,
      "RaidingHawk": 4.111847,
      "GreatGeneral": 1246.2756,
      "FreeOx": 17.272448,
      "WesternBarbarian": 1.8076537,
      "WoodGeneral": 2.0923266,
      "LeftGeneral": 3.6474738,
      "FreePup": 19.047544,
      "FlyingEagle": 31.474321,
      "Fowl": 16.750479,
      "FreeStag": 35.57338,
      "Rikishi": 5.892811,
      "Rook": 13.806611,
      "FrontStandard": 14.213466,
      "FierceStag": 2.4557457,
      "EarthChariot": 6.567419,
      "PhoenixMaster": 23.830303,
      "Shiten": 15.575605,
      "WaterGeneral": 2.4311354,
      "FlyingSwallow": 8.744231,
      "SquareMover": 17.120667,
      "CenterMaster": 14.741555,
      "CrossbowSoldier": 5.871159,
      "RunningBear": 8.900845,
      "GreatWhale": 25.29924,
      "FlyingCrocodile": 903.5282,
      "ForestDemon": 12.555012,
      "OxGeneral": 1.6578012,
      "GreatDragon": 19.189213,
      "VerticalMover": 6.6312137,
      "HorseGeneral": 1.202974,
      "CloudEagle": 7.7983904,
      "HookMover": 1335.0825,
      "AngryBoar": 2.793658,
      "VerticalLeopard": 4.687749,
      "StoneChariot": 8.584067,
      "EarthGeneral": 1.0380063,
      "SwordGeneral": 3.2104068,
      "SideMonkey": 6.744597,
      "OxChariot": 4.273919,
      "RearStandard": 14.085523,
      "ChickenGeneral": 2.3007944,
      "RunningStag": 13.915089,
      "FireDemon": 19.612978,
      "RecliningDragon": 1.907833,
      "TileGeneral": 1.3593873,
      "MountainStag": 3.4064155,
      "DivineDragon": 13.129846,
      "GooseWing": 6.6719027,
      "RightHowlingDog": 3.5378196,
      "SideGeneral": 26.282867,
      "FreeSerpent": 15.114042,
      "LeftChariot": 10.789137,
      "PengMaster": 14.887959,
      "RunningLeopard": 23.226746,
      "BlindDog": 2.2194898,
      "GreatDove": 18.609247,
      "OldPeng": 14.3230095,
      "ElephantKing": 13.647639,
      "Donkey": 3.5718675,
      "Whale": 17.552414,
      "Soldier": 13.05592,
      "Pawn": 0.58665943,
      "WindSnappingTurtle": 8.991264,
      "CopperElephant": 9.1775875,
      "LeftMountainEagle": 27.555483,
      "LeopardKing": 21.847996,
      "EarthDragon": 7.383993,
      "FreeBird": 13.163431,
      "GoldenChariot": 8.441204,
      "ClimbingMonkey": 1.8731792,
      "CopperChariot": 8.688017,
      "VerticalSoldier": 3.9097574,
      "FreeDragon": 22.424881,
      "FlyingChicken": 2.0284233,
      "LongbowSoldier": 5.4427233,
      "RunningOx": 22.18744,
      "TigerSoldier": 7.0363984,
      "SilverGeneral": 2.3867779,
      "FreeDemon": 22.794418,
      "CoiledDragon": 14.060734,
      "FireOx": 26.776138,
      "GreatShark": 15.166157,
      "BeastBird": 21.842386,
      "BuddhistSpirit": 34.090477,
      "VerticalHorse": 3.2752466,
      "BearSoldier": 12.876944,
      "RainDemon": 117.61333,
      "BishopGeneral": 710.6975,
      "OxSoldier": 11.3731,
      "FlyingStag": 7.61434,
      "BlindMonkey": 2.4454799,
      "Tanuki": 4.3065624,
      "WoodChariot": 6.432073,
      "KingOfTeachings": 39.61522,
      "FierceEagle": 3.6435037,
      "PoisonousSerpent": 3.514623,
      "ReedBird": 7.9678235,
      "CannonSoldier": 4.377002,
      "Dog": 1.6695526,
      "BlindTiger": 3.79919,
      "ThunderRunner": 12.03787,
      "RightDragon": 9.763936,
      "Cavalier": 22.43647,
      "CopperGeneral": 2.2760992,
      "VerticalTiger": 4.454426,
      "FierceOx": 7.1304817,
      "CloudDragon": 20.136425,